<?xml version="1.0"?>
<FrameworkMetaData xmlns:xsi="http://www.w3.org/2001/XMLSchema-instance" xmlns:xsd="http://www.w3.org/2001/XMLSchema">
	<Framework>CRAFT</Framework>
	<Tool>HPQTP</Tool>
	<Language>VBScript</Language>
	<Implementation>Default</Implementation>
	<Repository>QC Loosely Coupled</Repository>
	<CurrentVersion>
		<Number>4</Number>
		<Date>25/02/2014</Date>
	</CurrentVersion>
	<BaseVersion>
		<Number>1</Number>
		<Date>19/06/2013</Date>
	</BaseVersion>
</FrameworkMetaData>